Country Name,Year,"Life exp. at birth (yrs)","GDP/capita, PPP (2005 $)"
Afghanistan,2002.0,45.83314634,568.5519461
Afghanistan,2003.0,46.09243902,631.7827124
Afghanistan,2004.0,46.35119512,672.0791954
Afghanistan,2005.0,46.61641463,748.1128133
Afghanistan,2006.0,46.89909756,808.9020726
Afghanistan,2007.0,47.20531707,874.1979929
Afghanistan,2008.0,47.53856098,879.0326756
Afghanistan,2009.0,47.89885366,1029.215154
Afghanistan,2010.0,48.28219512,1082.949267
Angola,2002.0,46.71192683,2734.74834
Angola,2003.0,47.39336585,2728.21281
Angola,2004.0,48.00370732,2931.128681
Angola,2005.0,48.53843902,3354.650958
Angola,2006.0,49.00714634,3926.104097
Angola,2007.0,49.43529268,4671.694081
Angola,2008.0,49.84741463,5166.084593
Angola,2009.0,50.25102439,5143.279103
Angola,2010.0,50.65365854,5171.713948
Angola,2011.0,51.05931707,5201.308694
Albania,2002.0,75.16121951,5253.756466
Albania,2003.0,75.54202439,5522.970763
Albania,2004.0,75.85912195,5814.835828
Albania,2005.0,76.112,6101.576853
Albania,2006.0,76.30963415,6376.603379
Albania,2007.0,76.47341463,6725.003521
Albania,2008.0,76.6207561,7216.119498
Albania,2009.0,76.76109756,7427.807916
Albania,2010.0,76.90095122,7660.043814
Albania,2011.0,77.04226829,7861.131481
United Arab Emirates,2002.0,75.05221951,66872.7126
United Arab Emirates,2003.0,75.26087805,69628.71188
United Arab Emirates,2004.0,75.46397561,70928.1459
United Arab Emirates,2005.0,75.66046341,66854.72186
United Arab Emirates,2006.0,75.85180488,64126.73133
United Arab Emirates,2007.0,76.03843902,57092.02724
United Arab Emirates,2008.0,76.22134146,51361.42159
United Arab Emirates,2009.0,76.39956098,45202.30398
United Arab Emirates,2010.0,76.57360976,42352.95998
United Arab Emirates,2011.0,76.74253659,42293.05452
Argentina,2002.0,74.13860976,8589.246354
Argentina,2003.0,74.34429268,9263.679689
Argentina,2004.0,74.54558537,10010.70849
Argentina,2005.0,74.74146341,10833.40561
Argentina,2006.0,74.93143902,11647.3845
Argentina,2007.0,75.11497561,12544.62012
Argentina,2008.0,75.29253659,13275.68445
Argentina,2009.0,75.46409756,13272.2035
Argentina,2010.0,75.63214634,14362.61581
Argentina,2011.0,75.79765854,15501.42072
Armenia,2002.0,71.88960976,2860.291798
Armenia,2003.0,72.27839024,3262.446256
Armenia,2004.0,72.61641463,3601.532202
Armenia,2005.0,72.90070732,4096.440119
Armenia,2006.0,73.13421951,4631.212472
Armenia,2007.0,73.32782927,5260.535273
Armenia,2008.0,73.49595122,5614.552099
Armenia,2009.0,73.64553659,4810.88772
Armenia,2010.0,73.78356098,4900.474333
Armenia,2011.0,73.91602439,5112.397885
Antigua and Barbuda,2002.0,75.2804878,16507.26021
Australia,2002.0,79.93658537,30661.56113
Australia,2003.0,80.23902439,31276.5457
Australia,2004.0,80.4902439,32200.84116
Australia,2005.0,80.84146341,32719.02501
Australia,2006.0,81.04146341,33233.32568
Australia,2007.0,81.29268293,33805.98448
Australia,2008.0,81.39512195,34405.90488
Australia,2009.0,81.54390244,34183.62126
Australia,2010.0,81.69512195,34409.47442
Austria,2002.0,78.67804878,32307.13267
Austria,2003.0,78.63170732,32428.53081
Austria,2004.0,79.1804878,33062.53159
Austria,2005.0,79.33170732,33626.38683
Austria,2006.0,79.83170732,34688.34224
Austria,2007.0,79.98292683,35834.55607
Austria,2008.0,80.23414634,36177.36111
Austria,2009.0,80.08292683,34681.08772
Austria,2010.0,80.38292683,35380.23766
Azerbaijan,2002.0,67.55485366,2980.840663
Azerbaijan,2003.0,67.99431707,3289.675898
Azerbaijan,2004.0,68.45719512,3593.625159
Azerbaijan,2005.0,68.92273171,4496.143936
Azerbaijan,2006.0,69.36141463,5981.242209
Azerbaijan,2007.0,69.74865854,7395.156017
Azerbaijan,2008.0,70.06785366,8023.568247
Azerbaijan,2009.0,70.31763415,8589.563915
Azerbaijan,2010.0,70.5065122,8912.370497
Burundi,2002.0,46.67307317,506.6395472
Burundi,2003.0,47.02156098,487.0707471
Burundi,2004.0,47.38036585,496.0511859
Burundi,2005.0,47.75146341,485.8903454
Burundi,2006.0,48.13887805,496.7807644
Burundi,2007.0,48.54663415,504.7916432
Burundi,2008.0,48.9757561,514.5459807
Burundi,2009.0,49.42126829,517.5713706
Burundi,2010.0,49.87721951,523.5815877
Burundi,2011.0,50.33709756,533.2931232
Belgium,2002.0,78.57560976,30815.599
Belgium,2003.0,78.72926829,30934.38116
Belgium,2004.0,78.87804878,31807.18698
Belgium,2005.0,79.32764146,32189.35133
Belgium,2006.0,79.77723659,32846.93669
Belgium,2007.0,79.53414634,33558.65196
Belgium,2008.0,79.48292683,33617.42962
Belgium,2009.0,79.73658537,32414.0013
Belgium,2010.0,79.93658537,32837.35224
Benin,2002.0,53.0615122,1346.702183
Benin,2003.0,53.3014878,1354.895275
Benin,2004.0,53.54895122,1352.89997
Benin,2005.0,53.81373171,1349.137385
Benin,2006.0,54.10668293,1361.997487
Benin,2007.0,54.43073171,1382.35088
Benin,2008.0,54.78731707,1410.529701
Benin,2009.0,55.17341463,1422.293104
Benin,2010.0,55.58558537,1423.889327
Benin,2011.0,56.01443902,1427.694066
Burkina Faso,2002.0,50.97763415,900.1390685
Burkina Faso,2003.0,51.43236585,944.9492303
Burkina Faso,2004.0,51.92221951,960.4847051
Burkina Faso,2005.0,52.43519512,1013.54087
Burkina Faso,2006.0,52.95790244,1050.77602
Burkina Faso,2007.0,53.47695122,1056.942191
Burkina Faso,2008.0,53.9824878,1085.513907
Burkina Faso,2009.0,54.46604878,1084.894192
Burkina Faso,2010.0,54.92419512,1136.035599
Burkina Faso,2011.0,55.35790244,1148.517615
Bangladesh,2002.0,65.66831707,1028.899387
Bangladesh,2003.0,66.10985366,1065.142089
Bangladesh,2004.0,66.53136585,1114.633367
Bangladesh,2005.0,66.93229268,1164.596077
Bangladesh,2006.0,67.31007317,1226.399293
Bangladesh,2007.0,67.66665854,1290.693441
Bangladesh,2008.0,68.00402439,1356.258493
Bangladesh,2009.0,68.32521951,1418.986839
Bangladesh,2010.0,68.63480488,1488.286811
Bangladesh,2011.0,68.93736585,1568.437856
Bulgaria,2002.0,71.86585366,8055.230459
Bulgaria,2003.0,72.06585366,8547.487295
Bulgaria,2004.0,72.56341463,9174.011021
Bulgaria,2005.0,72.56097561,9809.338565
Bulgaria,2006.0,72.61219512,10508.5605
Bulgaria,2007.0,72.66341463,11238.41113
Bulgaria,2008.0,72.96341463,11992.13195
Bulgaria,2009.0,73.41219512,11389.73302
Bulgaria,2010.0,73.51219512,11512.45824
Bahrain,2002.0,74.03753659,25964.58002
Bahrain,2003.0,74.15529268,27614.94073
Bahrain,2004.0,74.27153659,28093.65495
Bahrain,2005.0,74.38773171,28068.47168
Bahrain,2006.0,74.50782927,26752.5515
Bahrain,2007.0,74.63129268,25404.38292
Bahrain,2008.0,74.75860976,23755.4762
Bahrain,2009.0,74.88978049,22037.23663
Bahrain,2010.0,75.02382927,21345.19106
"Bahamas, The",2002.0,72.3384878,31636.90897
"Bahamas, The",2003.0,72.73717073,30793.70935
"Bahamas, The",2004.0,73.15782927,30617.66941
"Bahamas, The",2005.0,73.58365854,31199.35797
"Bahamas, The",2006.0,73.99192683,31519.93406
"Bahamas, The",2007.0,74.36543902,31509.64853
"Bahamas, The",2008.0,74.69385366,30334.62498
"Bahamas, The",2009.0,74.97526829,28459.74029
"Bahamas, The",2010.0,75.22212195,28134.84802
"Bahamas, The",2011.0,75.45226829,28239.05741
Bosnia and Herzegovina,2002.0,74.61536585,5480.211436
Bosnia and Herzegovina,2003.0,74.63487805,5689.123106
Bosnia and Herzegovina,2004.0,74.65963415,6038.328979
Bosnia and Herzegovina,2005.0,74.72363415,6340.84407
Bosnia and Herzegovina,2006.0,74.83436585,6732.931116
Bosnia and Herzegovina,2007.0,74.96860976,7198.190442
Bosnia and Herzegovina,2008.0,75.10631707,7598.123984
Bosnia and Herzegovina,2009.0,75.25043902,7389.708194
Bosnia and Herzegovina,2010.0,75.40043902,7463.750655
Bosnia and Herzegovina,2011.0,75.55285366,7607.441804
Belarus,2002.0,68.05609756,6443.088487
Belarus,2003.0,68.55365854,6932.533067
Belarus,2004.0,68.95609756,7765.217946
Belarus,2005.0,68.85121951,8540.816352
Belarus,2006.0,69.40487805,9436.321528
Belarus,2007.0,70.20341463,10284.54004
Belarus,2008.0,70.45609756,11456.61003
Belarus,2009.0,70.40731707,11590.01457
Belarus,2010.0,70.40487805,12504.80624
Belize,2002.0,73.80863415,5840.045092
Belize,2003.0,74.01365854,6186.142736
Belize,2004.0,74.25992683,6268.152245
Belize,2005.0,74.53687805,6254.342073
Belize,2006.0,74.827,6337.175353
Belize,2007.0,75.11185366,6213.598683
Belize,2008.0,75.3775122,6218.930074
Belize,2009.0,75.6185122,6011.756833
Belize,2010.0,75.83995122,5979.715059
Bolivia,2002.0,63.67880488,3571.294387
Bolivia,2003.0,64.0275122,3597.701941
Bolivia,2004.0,64.36929268,3678.16658
Bolivia,2005.0,64.70404878,3772.038631
Bolivia,2006.0,65.03021951,3885.021877
Bolivia,2007.0,65.34773171,3995.024559
Bolivia,2008.0,65.65809756,4172.334708
Bolivia,2009.0,65.96385366,4244.019317
Bolivia,2010.0,66.26856098,4349.550779
Bolivia,2011.0,66.57736585,4499.197181
Brazil,2002.0,70.72409756,8002.597392
Brazil,2003.0,70.99614634,7990.103471
Brazil,2004.0,71.26178049,8343.609593
Brazil,2005.0,71.52953659,8509.426303
Brazil,2006.0,71.81092683,8753.230644
Brazil,2007.0,72.10995122,9196.416938
Brazil,2008.0,72.42709756,9583.866106
Brazil,2009.0,72.75980488,9468.207522
Brazil,2010.0,73.09953659,10092.72696
Brazil,2011.0,73.43521951,10278.42975
Barbados,2002.0,75.60819512,16564.77832
Barbados,2003.0,75.70529268,16861.26803
Barbados,2004.0,75.80153659,17446.61083
Barbados,2005.0,75.90095122,17964.8368
Barbados,2006.0,76.00856098,18540.77949
Barbados,2007.0,76.12936585,18591.21135
Barbados,2008.0,76.26436585,18586.21912
Barbados,2009.0,76.41302439,17564.36616
Brunei Darussalam,2002.0,76.68104878,49533.44935
Brunei Darussalam,2003.0,76.88080488,49921.66522
Brunei Darussalam,2004.0,77.06263415,49162.46998
Brunei Darussalam,2005.0,77.22858537,48377.12574
Brunei Darussalam,2006.0,77.38060976,49523.48353
Brunei Darussalam,2007.0,77.52419512,48654.58182
Brunei Darussalam,2008.0,77.66229268,46820.49084
Brunei Darussalam,2009.0,77.79792683,45155.60531
Brunei Darussalam,2010.0,77.93202439,45506.58906
Bhutan,2002.0,63.02680488,2969.165398
Bhutan,2003.0,63.73160976,3128.845475
Bhutan,2004.0,64.34821951,3283.608521
Bhutan,2005.0,64.88063415,3480.176983
Bhutan,2006.0,65.34239024,3633.734825
Bhutan,2007.0,65.75909756,4198.605592
Bhutan,2008.0,66.15131707,4314.560448
Bhutan,2009.0,66.53204878,4525.483051
Bhutan,2010.0,66.90885366,4780.116712
Bhutan,2011.0,67.28470732,5095.597499
Botswana,2002.0,49.33753659,10459.28857
Botswana,2003.0,49.32734146,10981.8499
Botswana,2004.0,49.7374878,11499.36619
Botswana,2005.0,50.44656098,11542.21597
Botswana,2006.0,51.28431707,11973.91413
Botswana,2007.0,52.06895122,12376.27915
Botswana,2008.0,52.66368293,12562.40408
Botswana,2009.0,53.01153659,11794.8246
Botswana,2010.0,53.1095122,12462.61406
Botswana,2011.0,53.0184878,12938.9483
Central African Republic,2002.0,43.52882927,737.8414203
Central African Republic,2003.0,43.67219512,671.1033216
Central African Republic,2004.0,43.94612195,667.1460547
Central African Republic,2005.0,44.34756098,672.0038041
Central African Republic,2006.0,44.8675122,685.6534549
Central African Republic,2007.0,45.48253659,698.4789941
Central African Republic,2008.0,46.1632439,699.5004837
Central African Republic,2009.0,46.88370732,698.1848425
Central African Republic,2010.0,47.61846341,707.6358846
Central African Republic,2011.0,48.34560976,715.6235468
Canada,2002.0,79.5902439,33349.45697
Canada,2003.0,79.83902439,33639.97767
Canada,2004.0,80.14146341,34343.67186
Canada,2005.0,80.29268293,35033.42293
Canada,2006.0,80.64390244,35730.41647
Canada,2007.0,80.80439024,36124.31315
Canada,2008.0,80.96487805,35948.05699
Canada,2009.0,80.66178049,34526.90333
Canada,2010.0,80.79780488,35222.88206
Switzerland,2002.0,80.38536585,34782.18162
Switzerland,2003.0,80.53658537,34456.792
Switzerland,2004.0,81.08780488,35087.44703
Switzerland,2005.0,81.23658537,35784.01319
Switzerland,2006.0,81.4902439,36851.12207
Switzerland,2007.0,81.74146341,37854.35512
Switzerland,2008.0,81.99268293,38159.62633
Switzerland,2009.0,82.04390244,36978.0434
Switzerland,2010.0,82.24634146,37582.12145
Chile,2002.0,77.55521951,11382.13069
Chile,2003.0,77.85117073,11697.67025
Chile,2004.0,78.08958537,12271.76298
Chile,2005.0,78.27497561,12662.91836
Chile,2006.0,78.41585366,13248.30745
Chile,2007.0,78.53426829,13794.17963
Chile,2008.0,78.64721951,14110.62842
Chile,2009.0,78.76270732,13832.49022
Chile,2010.0,78.88573171,14540.16023
Chile,2011.0,79.0167561,15271.79324
China,2002.0,71.57943902,3108.0518
China,2003.0,71.76487805,3397.628437
China,2004.0,71.96234146,3718.636985
China,2005.0,72.17131707,4114.572834
China,2006.0,72.38973171,4611.303228
China,2007.0,72.61258537,5238.676581
China,2008.0,72.83534146,5712.24562
China,2009.0,73.0565122,6206.264294
China,2010.0,73.27309756,6818.707496
Cote d'Ivoire,2002.0,50.44387805,1722.190838
Cote d'Ivoire,2003.0,50.73282927,1668.708877
Cote d'Ivoire,2004.0,51.11139024,1672.170868
Cote d'Ivoire,2005.0,51.57556098,1666.009606
Cote d'Ivoire,2006.0,52.11836585,1649.484491
Cote d'Ivoire,2007.0,52.72587805,1648.905557
Cote d'Ivoire,2008.0,53.37770732,1657.087673
Cote d'Ivoire,2009.0,54.05590244,1687.787623
Cote d'Ivoire,2010.0,54.74156098,1694.339998
Cote d'Ivoire,2011.0,55.4212439,1581.44753
Cameroon,2002.0,49.57809756,1924.949792
Cameroon,2003.0,49.43556098,1957.766908
Cameroon,2004.0,49.37485366,1985.070826
Cameroon,2005.0,49.41241463,1985.738586
Cameroon,2006.0,49.56117073,2004.634813
Cameroon,2007.0,49.81517073,2029.385941
Cameroon,2008.0,50.16090244,2042.735176
Cameroon,2009.0,50.58292683,2038.359475
Cameroon,2010.0,51.0627561,2058.09315
Cameroon,2011.0,51.57646341,2090.282746
"Congo, Rep.",2002.0,54.3414878,3229.694221
"Congo, Rep.",2003.0,54.52965854,3181.767979
"Congo, Rep.",2004.0,54.77260976,3216.105886
"Congo, Rep.",2005.0,55.06485366,3381.188323
"Congo, Rep.",2006.0,55.40143902,3494.370733
"Congo, Rep.",2007.0,55.77041463,3344.741484
"Congo, Rep.",2008.0,56.15934146,3433.730328
"Congo, Rep.",2009.0,56.5587561,3591.777401
"Congo, Rep.",2010.0,56.96019512,3808.093879
"Congo, Rep.",2011.0,57.35619512,3884.856239
Colombia,2002.0,71.53402439,6677.779896
Colombia,2003.0,71.78821951,6830.740614
Colombia,2004.0,72.03678049,7083.996585
Colombia,2005.0,72.27978049,7304.555744
Colombia,2006.0,72.5187561,7676.77756
Colombia,2007.0,72.75378049,8085.182944
Colombia,2008.0,72.98434146,8250.3933
Colombia,2009.0,73.20997561,8267.566812
Colombia,2010.0,73.42968293,8479.351874
Colombia,2011.0,73.64190244,8861.058632
Comoros,2002.0,58.31721951,1070.983156
Comoros,2003.0,58.53165854,1068.483004
Comoros,2004.0,58.74807317,1037.63964
Comoros,2005.0,58.97841463,1052.770489
Comoros,2006.0,59.23707317,1037.473138
Comoros,2007.0,59.53,1014.846758
Comoros,2008.0,59.86117073,997.6430701
Comoros,2009.0,60.22907317,989.1111958
Comoros,2010.0,60.62626829,983.8008284
Cape Verde,2002.0,70.51365854,2360.268826
Cape Verde,2003.0,71.06763415,2431.645951
Cape Verde,2004.0,71.61778049,2499.035936
Cape Verde,2005.0,72.14065854,2627.66234
Cape Verde,2006.0,72.61034146,2861.573261
Cape Verde,2007.0,73.01085366,3078.462387
Cape Verde,2008.0,73.33619512,3240.087884
Cape Verde,2009.0,73.58680488,3331.330694
Cape Verde,2010.0,73.77404878,3473.944577
Cape Verde,2011.0,73.91678049,3615.803881
Costa Rica,2002.0,78.1347561,8123.524192
Costa Rica,2003.0,78.28558537,8483.319167
Costa Rica,2004.0,78.42841463,8687.700669
Costa Rica,2005.0,78.5642439,9041.537249
Costa Rica,2006.0,78.69507317,9672.827953
Costa Rica,2007.0,78.82141463,10274.41747
Costa Rica,2008.0,78.94626829,10391.86134
Costa Rica,2009.0,79.06917073,10133.38656
Costa Rica,2010.0,79.19260976,10452.56973
Costa Rica,2011.0,79.31509756,10731.8891
Cyprus,2002.0,78.20926829,23586.88614
Cyprus,2003.0,78.33019512,23630.10885
Cyprus,2004.0,78.45009756,24061.81316
Cyprus,2005.0,78.57395122,24407.93895
Cyprus,2006.0,78.70873171,24929.47475
Cyprus,2007.0,78.85790244,25826.45205
Cyprus,2008.0,79.02146341,26456.15767
Cyprus,2009.0,79.19695122,25789.7083
Cyprus,2010.0,79.38039024,25961.04672
Cyprus,2011.0,79.56285366,26045.44577
Czech Republic,2002.0,75.22195122,18382.84273
Czech Republic,2003.0,75.17073171,19070.48392
Czech Republic,2004.0,75.72195122,19957.99817
Czech Republic,2005.0,75.92439024,21264.41393
Czech Republic,2006.0,76.52439024,22683.44791
Czech Republic,2007.0,76.72439024,23833.45558
Czech Republic,2008.0,76.97560976,24359.49355
Czech Republic,2009.0,77.07804878,23076.64928
Czech Republic,2010.0,77.42439024,23635.21602
Germany,2002.0,78.22926829,30656.27991
Germany,2003.0,78.3804878,30524.27883
Germany,2004.0,78.6804878,30885.4106
Germany,2005.0,78.93170732,31114.53059
Germany,2006.0,79.13170732,32302.18373
Germany,2007.0,79.53414634,33402.79265
Germany,2008.0,79.73658537,33828.87411
Germany,2009.0,79.83658537,32175.88586
Germany,2010.0,79.98780488,33414.44319
Djibouti,2002.0,54.44712195,1758.414087
Djibouti,2003.0,54.78939024,1781.265406
Djibouti,2004.0,55.15902439,1816.576485
Djibouti,2005.0,55.55002439,1840.238177
Djibouti,2006.0,55.95285366,1892.708614
Djibouti,2007.0,56.35653659,1951.865637
Djibouti,2008.0,56.75509756,2026.015526
Djibouti,2009.0,57.14504878,2087.169671
Dominica,2002.0,76.59756098,8320.981051
Denmark,2002.0,76.89512195,31807.81346
Denmark,2003.0,77.14390244,31843.16711
Denmark,2004.0,77.49268293,32490.36713
Denmark,2005.0,77.84390244,33193.23729
Denmark,2006.0,78.09512195,34207.44552
Denmark,2007.0,78.19512195,34595.28003
Denmark,2008.0,78.44634146,34123.025
Denmark,2009.0,78.59756098,31960.90232
Denmark,2010.0,79.1,32231.50202
Dominican Republic,2002.0,71.40531707,6041.639024
Dominican Republic,2003.0,71.64060976,5936.13329
Dominican Republic,2004.0,71.863,5925.372049
Dominican Republic,2005.0,72.07668293,6380.369074
Dominican Republic,2006.0,72.28792683,6960.536184
Dominican Republic,2007.0,72.50446341,7444.534123
Dominican Republic,2008.0,72.72895122,7727.968733
Dominican Republic,2009.0,72.96197561,7887.254354
Dominican Republic,2010.0,73.20002439,8386.921383
Dominican Republic,2011.0,73.4375122,8650.611154
Algeria,2002.0,70.72990244,6344.119808
Algeria,2003.0,71.059,6681.642459
Algeria,2004.0,71.36490244,6924.379244
Algeria,2005.0,71.64614634,7168.564544
Algeria,2006.0,71.90529268,7201.681842
Algeria,2007.0,72.15090244,7305.142336
Algeria,2008.0,72.38904878,7367.171813
Algeria,2009.0,72.6227561,7431.280165
Algeria,2010.0,72.85253659,7564.391141
Algeria,2011.0,73.07990244,7643.171434
Ecuador,2002.0,74.04080488,5760.971219
Ecuador,2003.0,74.2992439,5848.515569
Ecuador,2004.0,74.51641463,6258.159166
Ecuador,2005.0,74.69929268,6510.394446
Ecuador,2006.0,74.85782927,6713.084883
Ecuador,2007.0,75.00495122,6746.007831
Ecuador,2008.0,75.15058537,7127.986593
Ecuador,2009.0,75.30219512,7051.037236
Ecuador,2010.0,75.46229268,7200.990669
Ecuador,2011.0,75.63039024,7443.048058
"Egypt, Arab Rep.",2002.0,70.2032439,4231.359552
"Egypt, Arab Rep.",2003.0,70.69156098,4285.64277
"Egypt, Arab Rep.",2004.0,71.13387805,4378.550947
"Egypt, Arab Rep.",2005.0,71.52868293,4490.619597
"Egypt, Arab Rep.",2006.0,71.87897561,4711.269402
"Egypt, Arab Rep.",2007.0,72.19221951,4955.158186
"Egypt, Arab Rep.",2008.0,72.47543902,5216.092147
"Egypt, Arab Rep.",2009.0,72.73412195,5365.111601
"Egypt, Arab Rep.",2010.0,72.97526829,5543.537227
"Egypt, Arab Rep.",2011.0,73.20190244,5546.525131
Eritrea,2002.0,57.13246341,664.3356542
Eritrea,2003.0,57.65392683,619.9360674
Eritrea,2004.0,58.16268293,603.7921135
Eritrea,2005.0,58.66426829,596.1189084
Eritrea,2006.0,59.15773171,570.1084434
Eritrea,2007.0,59.63921951,559.8374208
Eritrea,2008.0,60.10526829,489.8046431
Eritrea,2009.0,60.55692683,493.7735537
Eritrea,2010.0,60.99419512,489.6986491
Eritrea,2011.0,61.41707317,516.4996604
Spain,2002.0,79.56829268,26095.40574
Spain,2003.0,79.6195122,26459.34904
Spain,2004.0,79.87073171,26881.96717
Spain,2005.0,80.17073171,27392.04339
Spain,2006.0,80.82195122,28044.43046
Spain,2007.0,80.87317073,28527.08873
Spain,2008.0,81.17560976,28353.03543
Spain,2009.0,81.47560976,27082.63438
Spain,2010.0,81.62682927,26968.43187
Estonia,2002.0,70.90487805,13142.7196
Estonia,2003.0,71.31707317,14216.53178
Estonia,2004.0,71.9097561,15166.07326
Estonia,2005.0,72.56829268,16547.96064
Estonia,2006.0,72.69146341,18253.44373
Estonia,2007.0,72.81463415,19648.44954
Estonia,2008.0,73.77073171,18941.29094
Estonia,2009.0,74.82439024,16245.56123
Estonia,2010.0,75.42926829,16614.64714
Ethiopia,2002.0,52.91868293,550.652059
Ethiopia,2003.0,53.618,525.4830633
Ethiopia,2004.0,54.37065854,582.4640352
Ethiopia,2005.0,55.15665854,636.0687043
Ethiopia,2006.0,55.95156098,688.9395759
Ethiopia,2007.0,56.72392683,750.8211302
Ethiopia,2008.0,57.45078049,813.73146
Ethiopia,2009.0,58.11817073,866.370673
Ethiopia,2010.0,58.71509756,932.2352325
Ethiopia,2011.0,59.24309756,979.2110114
Finland,2002.0,78.1195122,28336.28952
Finland,2003.0,78.36829268,28837.69085
Finland,2004.0,78.71463415,29940.15073
Finland,2005.0,78.81707317,30707.94588
Finland,2006.0,79.21463415,31939.53604
Finland,2007.0,79.26341463,33500.75641
Finland,2008.0,79.56829268,33443.04788
Finland,2009.0,79.7195122,30502.88267
Finland,2010.0,79.87073171,31496.67958
Fiji,2002.0,67.97736585,4067.533872
Fiji,2003.0,68.16026829,4103.16781
Fiji,2004.0,68.34065854,4311.336153
Fiji,2005.0,68.5152439,4323.300789
Fiji,2006.0,68.67919512,4373.811406
Fiji,2007.0,68.83163415,4299.10754
Fiji,2008.0,68.97158537,4300.332107
Fiji,2009.0,69.10202439,4202.418858
Fiji,2010.0,69.22582927,4153.566209
Fiji,2011.0,69.34931707,4198.667103
France,2002.0,79.26097561,28576.12091
France,2003.0,79.26341463,28629.69924
France,2004.0,80.16341463,29143.05325
France,2005.0,80.11463415,29452.66778
France,2006.0,80.51463415,29969.73314
France,2007.0,80.81463415,30465.75175
France,2008.0,80.86829268,30271.65613
France,2009.0,81.06829268,29160.56583
France,2010.0,81.36829268,29483.65768
"Micronesia, Fed. Sts.",2002.0,67.49373171,3085.961718
"Micronesia, Fed. Sts.",2003.0,67.61714634,3122.783373
"Micronesia, Fed. Sts.",2004.0,67.7525122,3004.870588
"Micronesia, Fed. Sts.",2005.0,67.89985366,3053.999556
"Micronesia, Fed. Sts.",2006.0,68.05917073,3048.380768
"Micronesia, Fed. Sts.",2007.0,68.2274878,2975.055577
"Micronesia, Fed. Sts.",2008.0,68.4027561,2896.36258
"Micronesia, Fed. Sts.",2009.0,68.58304878,2907.596862
"Micronesia, Fed. Sts.",2010.0,68.76482927,2987.985234
"Micronesia, Fed. Sts.",2011.0,68.94812195,3016.833106
Gabon,2002.0,59.42390244,12919.59044
Gabon,2003.0,59.4837561,12968.53493
Gabon,2004.0,59.68180488,12882.15213
Gabon,2005.0,60.00558537,13014.26414
Gabon,2006.0,60.42717073,12918.58362
Gabon,2007.0,60.89914634,13382.70059
Gabon,2008.0,61.38112195,13441.79799
Gabon,2009.0,61.84912195,13008.77999
Gabon,2010.0,62.28668293,13610.56274
Gabon,2011.0,62.69129268,13997.92712
United Kingdom,2002.0,78.14390244,30543.72469
United Kingdom,2003.0,78.44634146,31492.63429
United Kingdom,2004.0,78.74634146,32260.00078
United Kingdom,2005.0,79.04878049,32737.9538
United Kingdom,2006.0,79.24878049,33385.62467
United Kingdom,2007.0,79.44878049,34321.35301
United Kingdom,2008.0,79.6,33717.8864
United Kingdom,2009.0,80.05121951,32025.50077
United Kingdom,2010.0,80.40243902,32474.70243
Georgia,2002.0,72.06863415,2804.938459
Georgia,2003.0,72.27582927,3135.332374
Georgia,2004.0,72.44734146,3327.126143
Georgia,2005.0,72.58878049,3610.648433
Georgia,2006.0,72.7142439,3916.398816
Georgia,2007.0,72.84134146,4409.464109
Georgia,2008.0,72.98463415,4516.338208
Georgia,2009.0,73.14714634,4319.110776
Georgia,2010.0,73.32734146,4545.899535
Ghana,2002.0,59.23219512,1104.698071
Ghana,2003.0,59.78573171,1134.145262
Ghana,2004.0,60.39660976,1168.792484
Ghana,2005.0,61.03831707,1208.014388
Ghana,2006.0,61.68136585,1254.557333
Ghana,2007.0,62.3002439,1303.735213
Ghana,2008.0,62.8735122,1380.1182
Ghana,2009.0,63.38817073,1401.456678
Ghana,2010.0,63.83726829,1478.462669
Ghana,2011.0,64.22431707,1652.338665
Guinea,2002.0,49.35702439,686.4206955
Guinea,2003.0,49.97373171,712.1069022
Guinea,2004.0,50.56895122,716.8445001
Guinea,2005.0,51.13565854,970.8830274
Guinea,2006.0,51.67336585,977.7663774
Guinea,2007.0,52.18856098,976.7299995
Guinea,2008.0,52.6872439,1005.061994
Guinea,2009.0,53.16992683,981.4946715
Guinea,2010.0,53.63858537,978.4095284
Guinea,2011.0,54.0922439,989.6796441
"Gambia, The",2002.0,55.7687561,1523.208828
"Gambia, The",2003.0,56.06556098,1579.880549
"Gambia, The",2004.0,56.35485366,1641.844149
"Gambia, The",2005.0,56.64007317,1598.913391
"Gambia, The",2006.0,56.92665854,1605.860625
"Gambia, The",2007.0,57.22004878,1655.077036
"Gambia, The",2008.0,57.5242439,1711.248606
"Gambia, The",2009.0,57.83821951,1775.568268
"Gambia, The",2010.0,58.16002439,1833.317076
"Gambia, The",2011.0,58.48470732,1872.777645
Guinea-Bissau,2002.0,45.39880488,1026.079822
Guinea-Bissau,2003.0,45.63978049,1000.026689
Guinea-Bissau,2004.0,45.8732439,1002.361489
Guinea-Bissau,2005.0,46.10965854,1016.693781
Guinea-Bissau,2006.0,46.36197561,1017.729811
Guinea-Bissau,2007.0,46.64268293,1029.154017
Guinea-Bissau,2008.0,46.95926829,1040.704075
Guinea-Bissau,2009.0,47.3132439,1049.95172
Guinea-Bissau,2010.0,47.70065854,1064.110057
Guinea-Bissau,2011.0,48.11258537,1097.448935
Equatorial Guinea,2002.0,48.85178049,15759.72542
Equatorial Guinea,2003.0,48.98892683,17407.38982
Equatorial Guinea,2004.0,49.17192683,23297.19604
Equatorial Guinea,2005.0,49.40029268,24813.40655
Equatorial Guinea,2006.0,49.6655122,24401.73689
Equatorial Guinea,2007.0,49.95263415,28798.39262
Equatorial Guinea,2008.0,50.24721951,30988.24226
Equatorial Guinea,2009.0,50.5447561,31861.43517
Equatorial Guinea,2010.0,50.84080488,30750.32597
Equatorial Guinea,2011.0,51.13687805,32025.73005
Greece,2002.0,78.64146341,21757.85853
Greece,2003.0,78.84146341,22975.79172
Greece,2004.0,79.03902439,23896.50888
Greece,2005.0,79.23902439,24348.40224
Greece,2006.0,79.43902439,25595.45975
Greece,2007.0,79.43902439,26258.00216
Greece,2008.0,79.93902439,26113.38576
Greece,2009.0,80.18780488,25162.2855
Greece,2010.0,80.38780488,24207.13806
Grenada,2002.0,74.0265122,8895.215046
Grenada,2003.0,74.29895122,9623.589019
Grenada,2004.0,74.54434146,8977.934116
Grenada,2005.0,74.76426829,10031.49419
Grenada,2006.0,74.9627561,9809.04331
Grenada,2007.0,75.1467561,10392.07712
Grenada,2008.0,75.32178049,10531.20119
Grenada,2009.0,75.49234146,9897.381146
Grenada,2010.0,75.66043902,9735.380319
Grenada,2011.0,75.82707317,9805.850775
Guatemala,2002.0,68.66231707,4007.98061
Guatemala,2003.0,69.04212195,4008.120661
Guatemala,2004.0,69.36780488,4032.406621
Guatemala,2005.0,69.64785366,4061.586435
Guatemala,2006.0,69.89473171,4175.756235
Guatemala,2007.0,70.12504878,4331.355357
Guatemala,2008.0,70.35234146,4364.989255
Guatemala,2009.0,70.58463415,4280.773249
Guatemala,2010.0,70.82541463,4296.56105
Guatemala,2011.0,71.07221951,4351.35917
Guyana,2002.0,65.5517561,2558.134426
Guyana,2003.0,66.13687805,2522.45884
Guyana,2004.0,66.72687805,2595.674468
Guyana,2005.0,67.30331707,2536.380978
Guyana,2006.0,67.84721951,2659.054383
Guyana,2007.0,68.34817073,2839.100286
Guyana,2008.0,68.79921951,2889.402476
Guyana,2009.0,69.19787805,2979.601883
Guyana,2010.0,69.54914634,3103.736191
"Hong Kong SAR, China",2002.0,81.47804878,30126.66792
"Hong Kong SAR, China",2003.0,81.32926829,31093.59919
"Hong Kong SAR, China",2004.0,81.7804878,33464.15978
"Hong Kong SAR, China",2005.0,81.5804878,35677.91851
"Hong Kong SAR, China",2006.0,82.37560976,37937.97965
"Hong Kong SAR, China",2007.0,82.37560976,39961.01924
"Hong Kong SAR, China",2008.0,82.3397561,40579.14795
"Hong Kong SAR, China",2009.0,82.72439024,39352.89484
"Hong Kong SAR, China",2010.0,82.87804878,41714.04004
Honduras,2002.0,70.80260976,2954.653301
Honduras,2003.0,71.00346341,3027.397545
Honduras,2004.0,71.21204878,3152.264287
Honduras,2005.0,71.43885366,3276.858212
Honduras,2006.0,71.68982927,3423.115831
Honduras,2007.0,71.95890244,3563.331224
Honduras,2008.0,72.24097561,3640.919514
Honduras,2009.0,72.532,3492.954557
Honduras,2010.0,72.82592683,3518.692347
Honduras,2011.0,73.11321951,3565.998012
Croatia,2002.0,74.71731707,13405.94526
Croatia,2003.0,74.61390244,14125.98765
Croatia,2004.0,75.5202439,14712.48381
Croatia,2005.0,75.24463415,15331.78789
Croatia,2006.0,75.83682927,16095.69542
Croatia,2007.0,75.70560976,16925.37433
Croatia,2008.0,75.91219512,17300.33791
Croatia,2009.0,76.16829268,16282.22616
Croatia,2010.0,76.47560976,16128.31697
Haiti,2002.0,58.84329268,1085.905537
Haiti,2003.0,59.14178049,1073.011301
Haiti,2004.0,59.48807317,1019.830339
Haiti,2005.0,59.87343902,1023.232261
Haiti,2006.0,60.28107317,1031.72965
Haiti,2007.0,60.68773171,1051.873304
Haiti,2008.0,61.07478049,1046.818412
Haiti,2009.0,61.43468293,1062.978034
Haiti,2010.0,61.763,992.4278918
Haiti,2011.0,62.06190244,1034.395889
Hungary,2002.0,72.34878049,14896.57579
Hungary,2003.0,72.3,15514.53226
Hungary,2004.0,72.64878049,16294.83651
Hungary,2005.0,72.64878049,16974.55981
Hungary,2006.0,73.09756098,17663.56947
Hungary,2007.0,73.15121951,17711.2456
Hungary,2008.0,73.70243902,17900.92761
Hungary,2009.0,73.90487805,16709.77564
Hungary,2010.0,74.20731707,16958.29498
Indonesia,2002.0,66.23780488,2767.892764
Indonesia,2003.0,66.51653659,2863.434288
Indonesia,2004.0,66.7912439,2970.435858
Indonesia,2005.0,67.07336585,3102.28377
Indonesia,2006.0,67.37682927,3235.708534
Indonesia,2007.0,67.70958537,3403.369257
Indonesia,2008.0,68.07514634,3569.809055
Indonesia,2009.0,68.47097561,3696.297262
Indonesia,2010.0,68.88965854,3885.09842
Indonesia,2011.0,69.3192439,4094.062146
India,2002.0,62.32112195,1817.841602
India,2003.0,62.67095122,1931.746558
India,2004.0,63.01931707,2051.631494
India,2005.0,63.3672439,2208.58735
India,2006.0,63.71680488,2377.742962
India,2007.0,64.06853659,2573.136284
India,2008.0,64.42295122,2635.33685
India,2009.0,64.77856098,2812.582452
India,2010.0,65.13134146,3038.807989
India,2011.0,65.47826829,3203.002804
Ireland,2002.0,77.63658537,35887.81123
Ireland,2003.0,77.91756098,36776.57951
Ireland,2004.0,78.19853659,37738.05592
Ireland,2005.0,78.4795122,38896.38661
Ireland,2006.0,78.7604878,39996.86359
Ireland,2007.0,79.04146341,41136.9735
Ireland,2008.0,79.14146341,39294.28654
Ireland,2009.0,80.03841463,36273.2475
Ireland,2010.0,80.29195122,35993.08389
"Iran, Islamic Rep.",2002.0,70.38678049,8129.875425
"Iran, Islamic Rep.",2003.0,70.70739024,8599.682968
"Iran, Islamic Rep.",2004.0,71.02246341,8927.808727
"Iran, Islamic Rep.",2005.0,71.33309756,9228.236095
"Iran, Islamic Rep.",2006.0,71.63846341,9654.448362
"Iran, Islamic Rep.",2007.0,71.93463415,10285.52564
"Iran, Islamic Rep.",2008.0,72.21965854,10397.81859
"Iran, Islamic Rep.",2009.0,72.49207317,10462.27084
Iraq,2002.0,70.02587805,3777.630295
Iraq,2003.0,69.52609756,2161.974978
Iraq,2004.0,68.97878049,3088.029092
Iraq,2005.0,68.46363415,2989.673351
Iraq,2006.0,68.07180488,3081.850202
Iraq,2007.0,67.86407317,3036.273228
Iraq,2008.0,67.87112195,3227.14329
Iraq,2009.0,68.0915122,3263.993192
Iraq,2010.0,68.48604878,3194.948651
Iceland,2002.0,80.44878049,30399.08392
Iceland,2003.0,80.65853659,30924.23038
Iceland,2004.0,80.90731707,33055.9041
Iceland,2005.0,81.10243902,34889.18754
Iceland,2006.0,81.15609756,35684.53328
Iceland,2007.0,81.10731707,36875.3715
Iceland,2008.0,81.25853659,36655.50825
Iceland,2009.0,81.45609756,34043.94826
Iceland,2010.0,81.45121951,32721.12505
Israel,2002.0,79.45121951,22042.87281
Israel,2003.0,79.64878049,21975.8204
Israel,2004.0,80.14634146,22636.70982
Israel,2005.0,80.15121951,23339.95407
Israel,2006.0,80.30487805,24213.78554
Israel,2007.0,80.60487805,25095.07358
Israel,2008.0,81.00243902,25646.27855
Israel,2009.0,81.55365854,25250.15386
Israel,2010.0,81.50487805,25994.53786
Italy,2002.0,79.97804878,28253.9674
Italy,2003.0,79.93170732,28021.54093
Italy,2004.0,80.72926829,28226.87466
Italy,2005.0,80.5804878,28279.87053
Italy,2006.0,81.13170732,28737.7242
Italy,2007.0,81.28536585,29007.90948
Italy,2008.0,81.38536585,28453.5621
Italy,2009.0,81.38536585,26729.15091
Italy,2010.0,81.73658537,27080.68577
Jamaica,2002.0,70.7762439,6799.011073
Jamaica,2003.0,70.98219512,7118.861215
Jamaica,2004.0,71.21843902,7184.083793
Jamaica,2005.0,71.47941463,7224.370255
Jamaica,2006.0,71.75607317,7419.995492
Jamaica,2007.0,72.04080488,7429.087052
Jamaica,2008.0,72.32302439,7271.811687
Jamaica,2009.0,72.59465854,7060.67341
Jamaica,2010.0,72.84712195,7000.908388
Jordan,2002.0,72.30778049,3807.526998
Jordan,2003.0,72.42036585,3869.824311
Jordan,2004.0,72.53146341,4100.978089
Jordan,2005.0,72.64502439,4334.477445
Jordan,2006.0,72.7635122,4579.703496
Jordan,2007.0,72.88692683,4844.754866
Jordan,2008.0,73.01621951,5082.931437
Jordan,2009.0,73.15095122,5245.625616
Jordan,2010.0,73.28965854,5249.496595
Japan,2002.0,81.56341463,28944.64887
Japan,2003.0,81.76,29369.48615
Japan,2004.0,82.0302439,30052.70233
Japan,2005.0,81.92512195,30441.34813
Japan,2006.0,82.32195122,30960.81029
Japan,2007.0,82.50707317,31635.87641
Japan,2008.0,82.58756098,31322.69952
Japan,2009.0,82.93146341,29625.39008
Japan,2010.0,82.93268293,30965.40566
Kazakhstan,2002.0,65.96829268,6748.018706
Kazakhstan,2003.0,65.86585366,7350.814011
Kazakhstan,2004.0,65.88780488,8000.700902
Kazakhstan,2005.0,65.9097561,8699.098081
Kazakhstan,2006.0,66.16097561,9528.585609
Kazakhstan,2007.0,66.50487805,10258.61278
Kazakhstan,2008.0,67.02195122,10468.81902
Kazakhstan,2009.0,68.42926829,10318.29707
Kazakhstan,2010.0,68.29536585,10915.66313
Kenya,2002.0,51.96595122,1270.98763
Kenya,2003.0,52.1272439,1274.302379
Kenya,2004.0,52.48392683,1304.731285
Kenya,2005.0,53.00956098,1346.397519
Kenya,2006.0,53.66219512,1395.338795
Kenya,2007.0,54.38602439,1455.310412
Kenya,2008.0,55.12421951,1440.271211
Kenya,2009.0,55.83936585,1440.646851
Kenya,2010.0,56.49707317,1481.195574
Kenya,2011.0,57.08087805,1507.04012
Kyrgyz Republic,2002.0,68.10731707,1557.175146
Kyrgyz Republic,2003.0,68.25609756,1649.266553
Kyrgyz Republic,2004.0,68.15365854,1743.926646
Kyrgyz Republic,2005.0,67.95609756,1721.340925
Kyrgyz Republic,2006.0,67.69512195,1755.775083
Kyrgyz Republic,2007.0,67.89512195,1887.68196
Kyrgyz Republic,2008.0,68.45121951,2026.925697
Kyrgyz Republic,2009.0,69.10243902,2060.403444
Kyrgyz Republic,2010.0,69.36846341,2008.327256
Cambodia,2002.0,58.37521951,1156.545667
Cambodia,2003.0,58.88943902,1237.677966
Cambodia,2004.0,59.42863415,1348.086047
Cambodia,2005.0,59.97939024,1508.008397
Cambodia,2006.0,60.52831707,1650.871655
Cambodia,2007.0,61.06458537,1798.974188
Cambodia,2008.0,61.58085366,1898.138582
Cambodia,2009.0,62.07219512,1878.682433
Cambodia,2010.0,62.53621951,1968.131689
Cambodia,2011.0,62.97741463,2079.98501
Kiribati,2002.0,62.82439024,2336.889793
Kiribati,2005.0,60.94878049,2341.633415
St. Kitts and Nevis,2002.0,71.33658537,13792.17402
"Korea, Rep.",2002.0,76.82390244,20598.07327
"Korea, Rep.",2003.0,77.2602439,21070.52959
"Korea, Rep.",2004.0,77.84658537,21961.18457
"Korea, Rep.",2005.0,78.43268293,22783.27005
"Korea, Rep.",2006.0,78.96926829,23847.22189
"Korea, Rep.",2007.0,79.3495122,24948.2577
"Korea, Rep.",2008.0,79.83268293,25338.65356
"Korea, Rep.",2009.0,80.29731707,25299.18491
"Korea, Rep.",2010.0,80.76195122,26774.03745
Kuwait,2002.0,73.90356098,37316.761
Kuwait,2003.0,73.97382927,42607.29296
Kuwait,2004.0,74.04258537,45608.66448
Kuwait,2005.0,74.11329268,48782.64549
Kuwait,2006.0,74.19190244,49411.28064
Kuwait,2007.0,74.27990244,49541.50994
Kuwait,2008.0,74.37829268,49952.16482
Kuwait,2009.0,74.48756098,45626.18071
Kuwait,2010.0,74.60473171,45622.71886
Lao PDR,2002.0,62.5752439,1468.582535
Lao PDR,2003.0,63.19231707,1533.870362
Lao PDR,2004.0,63.82585366,1606.912235
Lao PDR,2005.0,64.46226829,1695.311974
Lao PDR,2006.0,65.0805122,1813.622418
Lao PDR,2007.0,65.65956098,1921.852117
Lao PDR,2008.0,66.18439024,2041.053238
Lao PDR,2009.0,66.6515122,2161.80882
Lao PDR,2010.0,67.064,2312.56476
Lao PDR,2011.0,67.43236585,2463.838753
Lebanon,2002.0,70.95907317,8969.089084
Lebanon,2003.0,71.12934146,9102.007878
Lebanon,2004.0,71.30665854,9629.502981
Lebanon,2005.0,71.4895122,9595.290945
Lebanon,2006.0,71.67641463,9546.819538
Lebanon,2007.0,71.86285366,10170.0469
Lebanon,2008.0,72.04731707,11027.60739
Lebanon,2009.0,72.22978049,11879.21496
Lebanon,2010.0,72.4087561,12618.73651
Lebanon,2011.0,72.58721951,12900.23856
Liberia,2002.0,48.38721951,526.3436373
Liberia,2003.0,49.62592683,348.7233874
Liberia,2004.0,50.82336585,324.986589
Liberia,2005.0,51.94302439,345.7583054
Liberia,2006.0,52.96282927,364.5448938
Liberia,2007.0,53.88885366,401.9072321
Liberia,2008.0,54.72763415,422.2262647
Liberia,2009.0,55.47919512,455.2933593
Liberia,2010.0,56.14758537,482.2561436
Liberia,2011.0,56.74285366,506.1277859
Libya,2002.0,72.97692683,11477.27154
Libya,2003.0,73.18956098,12719.41511
Libya,2004.0,73.40719512,13016.59103
Libya,2005.0,73.63529268,14015.36563
Libya,2006.0,73.86936585,14529.92846
Libya,2007.0,74.10292683,15071.04902
Libya,2008.0,74.329,15321.78064
Libya,2009.0,74.54556098,15361.15753
St. Lucia,2002.0,73.70731707,8210.689999
St. Lucia,2003.0,73.74146341,8299.898071
St. Lucia,2004.0,73.24292683,8669.062842
St. Lucia,2005.0,72.73926829,8940.779941
St. Lucia,2006.0,73.41653659,9349.793424
St. Lucia,2007.0,73.72321951,9349.516614
St. Lucia,2008.0,73.99919512,9739.100554
St. Lucia,2009.0,74.23807317,7994.679994
St. Lucia,2010.0,74.43990244,8268.091183
Sri Lanka,2002.0,72.54390244,3105.687601
Sri Lanka,2003.0,73.18156098,3246.929457
Sri Lanka,2004.0,73.66514634,3377.572065
Sri Lanka,2005.0,73.98934146,3550.213338
Sri Lanka,2006.0,74.18263415,3781.232394
Sri Lanka,2007.0,74.31207317,4001.791901
Sri Lanka,2008.0,74.43326829,4202.570173
Sri Lanka,2009.0,74.56660976,4301.720147
Sri Lanka,2010.0,74.72260976,4600.87303
Lesotho,2002.0,45.05478049,1131.852911
Lesotho,2003.0,44.3637561,1170.149151
Lesotho,2004.0,44.07590244,1185.987379
Lesotho,2005.0,44.17117073,1207.008899
Lesotho,2006.0,44.59012195,1247.041965
Lesotho,2007.0,45.21502439,1293.316073
Lesotho,2008.0,45.93156098,1349.454756
Lesotho,2009.0,46.66936585,1374.010045
Lesotho,2010.0,47.36507317,1436.293632
Lesotho,2011.0,47.98373171,1503.875887
Lithuania,2002.0,71.76097561,10952.01407
Lithuania,2003.0,72.06097561,12126.19313
Lithuania,2004.0,71.96097561,13088.09233
Lithuania,2005.0,71.25365854,14197.22208
Lithuania,2006.0,71.05609756,15402.19279
Lithuania,2007.0,70.9,17010.27493
Lithuania,2008.0,71.81219512,17599.49749
Lithuania,2009.0,72.91463415,15088.86981
Lithuania,2010.0,73.26829268,15534.43224
Luxembourg,2002.0,78.20162683,63725.40389
Luxembourg,2003.0,78.57886098,63930.23909
Luxembourg,2004.0,78.95609756,65800.17593
Luxembourg,2005.0,79.33333415,68319.63721
Luxembourg,2006.0,79.71056829,70581.76916
Luxembourg,2007.0,80.08780488,74113.93931
Luxembourg,2008.0,80.08780488,73349.64076
Luxembourg,2009.0,80.08780488,68188.42718
Luxembourg,2010.0,80.08780488,68748.10462
Latvia,2002.0,70.96097561,9955.800694
Latvia,2003.0,71.26585366,10733.17214
Latvia,2004.0,72.02682927,11727.73413
Latvia,2005.0,71.35609756,13040.3715
Latvia,2006.0,70.86585366,14716.00021
Latvia,2007.0,71.0195122,16268.55122
Latvia,2008.0,72.4195122,15646.97259
Latvia,2009.0,73.0804878,12901.66675
Latvia,2010.0,73.48292683,12948.22878
"Macao SAR, China",2002.0,78.96129268,25720.62788
"Macao SAR, China",2003.0,79.16621951,28327.94812
"Macao SAR, China",2004.0,79.36863415,35127.93987
"Macao SAR, China",2005.0,79.57458537,37236.34819
"Macao SAR, China",2006.0,79.79158537,41584.19088
"Macao SAR, China",2007.0,80.02268293,46394.1324
"Macao SAR, China",2008.0,80.26734146,46759.89196
"Macao SAR, China",2009.0,80.52104878,46426.25642
"Macao SAR, China",2010.0,80.77531707,57626.20183
"Macao SAR, China",2011.0,81.01858537,68066.09164
Morocco,2002.0,69.41958537,3161.870374
Morocco,2003.0,69.7672439,3323.292856
Morocco,2004.0,70.09987805,3444.205672
Morocco,2005.0,70.41746341,3508.299806
Morocco,2006.0,70.72353659,3740.414406
Morocco,2007.0,71.01912195,3801.652238
Morocco,2008.0,71.3077561,3972.795272
Morocco,2009.0,71.58941463,4119.175967
Morocco,2010.0,71.86463415,4226.75853
Morocco,2011.0,72.13190244,4373.322566
Moldova,2002.0,67.27907317,1904.145142
Moldova,2003.0,67.46246341,2035.543771
Moldova,2004.0,67.62646341,2191.799395
Moldova,2005.0,67.77953659,2361.950703
Moldova,2006.0,67.93868293,2481.631234
Moldova,2007.0,68.12390244,2563.927394
Moldova,2008.0,68.34865854,2768.272819
Moldova,2009.0,68.61143902,2605.752291
Moldova,2010.0,68.90370732,2793.534963
Moldova,2011.0,69.21246341,2974.878449
Madagascar,2002.0,61.55136585,786.6978053
Madagascar,2003.0,62.45731707,837.8553525
Madagascar,2004.0,63.32078049,855.7139966
Madagascar,2005.0,64.11217073,868.6750743
Madagascar,2006.0,64.80143902,885.5252525
Madagascar,2007.0,65.37556098,913.3522455
Madagascar,2008.0,65.83553659,950.1313918
Madagascar,2009.0,66.19136585,880.5982514
Madagascar,2010.0,66.46707317,868.924802
Madagascar,2011.0,66.69568293,852.7659792
Maldives,2002.0,72.21807317,4638.157154
Maldives,2003.0,73.02441463,5303.92058
Maldives,2004.0,73.74314634,5761.246869
Maldives,2005.0,74.37114634,5290.116145
Maldives,2006.0,74.91268293,6237.911937
Maldives,2007.0,75.38702439,6802.824545
Maldives,2008.0,75.81104878,7531.098995
Maldives,2009.0,76.19565854,7079.670238
Maldives,2010.0,76.55141463,7386.633511
Maldives,2011.0,76.88290244,7833.96214
Mexico,2002.0,74.76207317,11621.00715
Mexico,2003.0,75.00473171,11634.28474
Mexico,2004.0,75.25,11959.30385
Mexico,2005.0,75.49890244,12191.06382
Mexico,2006.0,75.74997561,12658.26227
Mexico,2007.0,75.99714634,12905.14438
Mexico,2008.0,76.23634146,12892.77693
Mexico,2009.0,76.46556098,11936.46309
Mexico,2010.0,76.68378049,12440.93981
"Macedonia, FYR",2002.0,73.24268293,7067.883168
"Macedonia, FYR",2003.0,73.40997561,7247.00974
"Macedonia, FYR",2004.0,73.57717073,7562.882049
"Macedonia, FYR",2005.0,73.74570732,7872.399054
"Macedonia, FYR",2006.0,73.91692683,8248.268749
"Macedonia, FYR",2007.0,74.09060976,8734.78988
"Macedonia, FYR",2008.0,74.26712195,9146.609187
"Macedonia, FYR",2009.0,74.44387805,9043.73178
"Macedonia, FYR",2010.0,74.61885366,9187.353899
"Macedonia, FYR",2011.0,74.78807317,9451.191872
Mali,2002.0,47.87309756,833.8464383
Mali,2003.0,48.20758537,868.5262662
Mali,2004.0,48.55763415,860.2580071
Mali,2005.0,48.92619512,884.5543709
Mali,2006.0,49.3112439,902.9191241
Mali,2007.0,49.7107561,912.9975212
Mali,2008.0,50.12019512,929.5296889
Mali,2009.0,50.53604878,942.0530329
Mali,2010.0,50.95482927,966.8625655
Mali,2011.0,51.37207317,963.5209228
Malta,2002.0,78.09268293,20755.27878
Malta,2003.0,78.35121951,20646.44796
Malta,2004.0,78.55365854,20405.04264
Malta,2005.0,79.50487805,21018.44605
Malta,2006.0,78.54878049,21349.95363
Malta,2007.0,79.44390244,22119.76919
Malta,2008.0,79.43170732,22922.47009
Malta,2009.0,79.89268293,22204.42002
Malta,2010.0,80.94878049,22696.67996
Montenegro,2002.0,74.46958537,7366.566175
Montenegro,2003.0,74.28290244,7563.894472
Montenegro,2004.0,74.1264878,7904.112391
Montenegro,2005.0,74.01526829,8238.358534
Montenegro,2006.0,73.96236585,8942.077713
Montenegro,2007.0,73.96953659,9884.882039
Montenegro,2008.0,74.03358537,10546.39905
Montenegro,2009.0,74.15007317,9925.535271
Montenegro,2010.0,74.31109756,10156.67699
Montenegro,2011.0,74.50414634,10401.9566
Mongolia,2002.0,64.27692683,2335.10007
Mongolia,2003.0,64.88243902,2472.198424
Mongolia,2004.0,65.48087805,2703.027421
Mongolia,2005.0,66.05236585,2861.679068
Mongolia,2006.0,66.57926829,3062.287069
Mongolia,2007.0,67.05756098,3324.184813
Mongolia,2008.0,67.4862439,3561.74136
Mongolia,2009.0,67.86412195,3459.256772
Mongolia,2010.0,68.19497561,3620.244549
Mongolia,2011.0,68.48817073,4178.290305
Mozambique,2002.0,47.52678049,577.9197807
Mozambique,2003.0,47.66212195,596.5450021
Mozambique,2004.0,47.81960976,626.8779656
Mozambique,2005.0,48.01714634,669.5233824
Mozambique,2006.0,48.26514634,694.4282572
Mozambique,2007.0,48.56058537,727.2224202
Mozambique,2008.0,48.89839024,758.7450786
Mozambique,2009.0,49.27802439,788.2588787
Mozambique,2010.0,49.69692683,822.7075051
Mozambique,2011.0,50.15060976,861.2752286
Mauritania,2002.0,57.09504878,1716.008793
Mauritania,2003.0,57.13292683,1767.068817
Mauritania,2004.0,57.1737561,1816.609508
Mauritania,2005.0,57.23102439,1925.810128
Mauritania,2006.0,57.32619512,2228.700839
Mauritania,2007.0,57.47026829,2206.374437
Mauritania,2008.0,57.6682439,2226.73432
Mauritania,2009.0,57.91963415,2145.919409
Mauritania,2010.0,58.21695122,2203.613536
Mauritania,2011.0,58.54670732,2254.992156
Mauritius,2002.0,71.96585366,9403.116461
Mauritius,2003.0,72.12130081,9646.421295
Mauritius,2004.0,72.27674797,10113.22201
Mauritius,2005.0,72.43219512,10157.50696
Mauritius,2006.0,72.43219512,10478.88197
Mauritius,2007.0,72.57073171,11026.71818
Mauritius,2008.0,72.57073171,11560.17346
Mauritius,2009.0,72.88243902,11850.35729
Mauritius,2010.0,72.96731707,12283.21914
Malawi,2002.0,46.70731707,611.891653
Malawi,2003.0,47.30863415,628.9701635
Malawi,2004.0,48.06290244,646.1216696
Malawi,2005.0,48.93804878,644.8367236
Malawi,2006.0,49.88914634,674.8712035
Malawi,2007.0,50.86231707,693.3082659
Malawi,2008.0,51.80473171,728.8115708
Malawi,2009.0,52.68095122,770.5978846
Malawi,2010.0,53.46263415,795.4921217
Malawi,2011.0,54.13636585,805.4036692
Malaysia,2002.0,72.49226829,10329.28809
Malaysia,2003.0,72.65790244,10689.61861
Malaysia,2004.0,72.82156098,11178.21325
Malaysia,2005.0,72.98829268,11544.27732
Malaysia,2006.0,73.16660976,11996.09127
Malaysia,2007.0,73.35904878,12553.95806
Malaysia,2008.0,73.56812195,12941.78426
Malaysia,2009.0,73.79080488,12526.28391
Malaysia,2010.0,74.02456098,13213.89747
Malaysia,2011.0,74.26085366,13672.13251
Namibia,2002.0,57.20165854,4572.416959
Namibia,2003.0,57.38895122,4683.350538
Namibia,2004.0,57.85358537,5168.024645
Namibia,2005.0,58.54412195,5205.412196
Namibia,2006.0,59.37426829,5471.776336
Namibia,2007.0,60.22326829,5658.134478
Namibia,2008.0,60.98934146,5738.916753
Namibia,2009.0,61.61858537,5607.903404
Namibia,2010.0,62.07009756,5870.143478
Namibia,2011.0,62.33241463,5986.410999
Niger,2002.0,49.69602439,614.5522315
Niger,2003.0,50.38226829,625.1150501
Niger,2004.0,51.04356098,604.3639157
Niger,2005.0,51.67290244,609.8370777
Niger,2006.0,52.26526829,622.8578843
Niger,2007.0,52.81814634,621.6127052
Niger,2008.0,53.3344878,652.1094655
Niger,2009.0,53.81582927,623.6988494
Niger,2010.0,54.26563415,650.1588692
Niger,2011.0,54.69092683,642.0560116
Nigeria,2002.0,47.3504878,1465.469185
Nigeria,2003.0,47.91636585,1577.120088
Nigeria,2004.0,48.47260976,1701.680381
Nigeria,2005.0,49.00470732,1749.651332
Nigeria,2006.0,49.51065854,1812.556341
Nigeria,2007.0,49.9994878,1882.030726
Nigeria,2008.0,50.47973171,1945.77245
Nigeria,2009.0,50.94941463,2030.464284
Nigeria,2010.0,51.41002439,2134.945536
Nigeria,2011.0,51.86312195,2220.6844
Nicaragua,2002.0,70.61417073,2155.702447
Nicaragua,2003.0,71.08558537,2181.392828
Nicaragua,2004.0,71.53978049,2268.219565
Nicaragua,2005.0,71.97280488,2335.563655
Nicaragua,2006.0,72.37919512,2401.904502
Nicaragua,2007.0,72.75939024,2458.028567
Nicaragua,2008.0,73.11080488,2493.614416
Nicaragua,2009.0,73.43443902,2424.855233
Nicaragua,2010.0,73.72921951,2499.388393
Nicaragua,2011.0,73.99609756,2579.321682
Netherlands,2002.0,78.29268293,33890.38298
Netherlands,2003.0,78.49268293,33844.06201
Netherlands,2004.0,79.09512195,34480.9681
Netherlands,2005.0,79.34634146,35104.48753
Netherlands,2006.0,79.69756098,36237.75037
Netherlands,2007.0,80.09756098,37576.67229
Netherlands,2008.0,80.25121951,38105.94485
Netherlands,2009.0,80.54878049,36569.69524
Netherlands,2010.0,80.70243902,36997.3111
Norway,2002.0,78.98780488,45050.22345
Norway,2003.0,79.3902439,45227.21051
Norway,2004.0,79.84146341,46741.64556
Norway,2005.0,80.04146341,47626.27982
Norway,2006.0,80.34390244,48402.63679
Norway,2007.0,80.39512195,49175.28192
Norway,2008.0,80.59268293,48583.24145
Norway,2009.0,80.79512195,47174.5959
Norway,2010.0,80.99756098,46905.79761
Nepal,2002.0,63.15365854,904.069456
Nepal,2003.0,63.98029268,918.8527014
Nepal,2004.0,64.79895122,941.2017462
Nepal,2005.0,65.58658537,953.8109234
Nepal,2006.0,66.31514634,966.3603791
Nepal,2007.0,66.96609756,980.3034191
Nepal,2008.0,67.52795122,1021.020877
Nepal,2009.0,68.00168293,1048.180797
Nepal,2010.0,68.39482927,1079.352811
Nepal,2011.0,68.72592683,1101.913079
New Zealand,2002.0,78.84634146,23688.01118
New Zealand,2003.0,79.14634146,24234.26442
New Zealand,2004.0,79.54878049,24773.99585
New Zealand,2005.0,79.85121951,25304.94062
New Zealand,2006.0,80.04878049,25190.91538
New Zealand,2007.0,80.15121951,25673.39725
New Zealand,2008.0,80.35121951,25037.38953
New Zealand,2009.0,80.70243902,24648.73193
New Zealand,2010.0,80.70243902,24818.03156
Oman,2002.0,74.19565854,20588.20704
Oman,2003.0,74.07307317,20357.42921
Oman,2004.0,73.85517073,20674.59285
Oman,2005.0,73.58470732,21047.46362
Oman,2006.0,73.31758537,21660.2491
Oman,2007.0,73.10887805,22495.77098
Oman,2008.0,72.99860976,24646.04484
Oman,2009.0,73.00409756,24226.47132
Oman,2010.0,73.12460976,24559.00331
Oman,2011.0,73.34180488,25329.76748
Pakistan,2002.0,63.55336585,1866.511068
Pakistan,2003.0,63.73885366,1922.047729
Pakistan,2004.0,63.92080488,2027.658589
Pakistan,2005.0,64.10468293,2144.795404
Pakistan,2006.0,64.29743902,2236.855033
Pakistan,2007.0,64.50253659,2321.8254
Pakistan,2008.0,64.72195122,2316.665123
Pakistan,2009.0,64.95521951,2356.994567
Pakistan,2010.0,65.19885366,2410.852891
Panama,2002.0,74.59965854,8053.103972
Panama,2003.0,74.78,8240.257902
Panama,2004.0,74.95426829,8703.041482
Panama,2005.0,75.1244878,9166.563557
Panama,2006.0,75.29221951,9778.378435
Panama,2007.0,75.4594878,10779.28389
Panama,2008.0,75.62931707,11675.38568
Panama,2009.0,75.8012439,11855.63562
Panama,2010.0,75.9742439,12638.74517
Panama,2011.0,76.14782927,13765.7562
Peru,2002.0,71.3592439,5676.361013
Peru,2003.0,71.75939024,5831.292659
Peru,2004.0,72.12868293,6048.315079
Peru,2005.0,72.46660976,6386.955259
Peru,2006.0,72.77219512,6805.373976
Peru,2007.0,73.05039024,7332.575781
Peru,2008.0,73.30570732,7967.329574
Peru,2009.0,73.54307317,7949.570574
Peru,2010.0,73.76497561,8558.359098
Peru,2011.0,73.97636585,9049.320988
Philippines,2002.0,67.06380488,2758.228882
Philippines,2003.0,67.18936585,2836.793903
Philippines,2004.0,67.31395122,2967.555315
Philippines,2005.0,67.44714634,3050.826694
Philippines,2006.0,67.6,3152.921378
Philippines,2007.0,67.78009756,3303.284026
Philippines,2008.0,67.98892683,3382.448005
Philippines,2009.0,68.2255122,3364.209758
Philippines,2010.0,68.48431707,3560.49503
Philippines,2011.0,68.75729268,3630.939246
Palau,2005.0,69.12926829,12910.64799
Papua New Guinea,2002.0,59.46890244,1848.473167
Papua New Guinea,2003.0,59.82531707,1841.912605
Papua New Guinea,2004.0,60.19253659,1845.877706
Papua New Guinea,2005.0,60.56660976,1866.045884
Papua New Guinea,2006.0,60.94456098,1868.453579
Papua New Guinea,2007.0,61.32390244,1955.574649
Papua New Guinea,2008.0,61.70117073,2037.864744
Papua New Guinea,2009.0,62.07390244,2100.525555
Papua New Guinea,2010.0,62.44060976,2217.328341
Papua New Guinea,2011.0,62.80080488,2363.282603
Poland,2002.0,74.49756098,12137.23122
Poland,2003.0,74.59756098,12615.1087
Poland,2004.0,74.84634146,13297.13925
Poland,2005.0,74.99512195,13784.16006
Poland,2006.0,75.14390244,14651.8488
Poland,2007.0,75.24390244,15654.51566
Poland,2008.0,75.54390244,16454.80793
Poland,2009.0,75.69512195,16711.31169
Poland,2010.0,76.24634146,17348.1442
Portugal,2002.0,77.06585366,21438.66723
Portugal,2003.0,77.2195122,21095.47803
Portugal,2004.0,77.67073171,21300.42179
Portugal,2005.0,78.07073171,21368.95879
Portugal,2006.0,78.4195122,21606.92228
Portugal,2007.0,78.32195122,22067.96874
Portugal,2008.0,78.52439024,22036.84801
Portugal,2009.0,78.72682927,21375.67528
Portugal,2010.0,79.02682927,21665.30354
Paraguay,2002.0,70.56639024,3717.064107
Paraguay,2003.0,70.80980488,3784.268806
Paraguay,2004.0,71.03856098,3865.113456
Paraguay,2005.0,71.25265854,3900.787361
Paraguay,2006.0,71.45717073,3995.061969
Paraguay,2007.0,71.65865854,4188.023192
Paraguay,2008.0,71.86170732,4353.127575
Paraguay,2009.0,72.06831707,4111.990884
Paraguay,2010.0,72.277,4648.107014
Paraguay,2011.0,72.48470732,4752.346003
Qatar,2002.0,76.68763415,67945.32466
Qatar,2003.0,76.87639024,67161.07742
Qatar,2004.0,77.06360976,74163.56892
Qatar,2005.0,77.24768293,69512.33141
Qatar,2006.0,77.4284878,69182.18279
Qatar,2007.0,77.60443902,67787.28389
Qatar,2008.0,77.7745122,67334.35144
Qatar,2009.0,77.93919512,65894.00196
Qatar,2010.0,78.09758537,69797.94076
Qatar,2011.0,78.24921951,77987.07835
Romania,2002.0,71.0097561,7819.235465
Romania,2003.0,71.3097561,8248.958092
Romania,2004.0,71.59427561,8965.424834
Romania,2005.0,71.87889512,9361.297906
Romania,2006.0,72.16341463,10122.69365
Romania,2007.0,72.56585366,10750.36964
Romania,2008.0,72.56585366,11781.85991
Romania,2009.0,73.3097561,10797.07449
Romania,2010.0,73.45853659,10920.97585
Russian Federation,2002.0,65.08536585,9546.037536
Russian Federation,2003.0,65.00756098,10292.10332
Russian Federation,2004.0,65.42121951,11088.16108
Russian Federation,2005.0,65.47,11852.80594
Russian Federation,2006.0,66.64317073,12877.69003
Russian Federation,2007.0,67.49756098,14016.15479
Russian Federation,2008.0,67.84878049,14767.30437
Russian Federation,2009.0,68.60487805,13614.5467
Russian Federation,2010.0,68.80487805,14198.97165
Rwanda,2002.0,49.37758537,741.2764797
Rwanda,2003.0,50.44909756,743.7736049
Rwanda,2004.0,51.39641463,785.3543346
Rwanda,2005.0,52.24763415,840.4746595
Rwanda,2006.0,53.00639024,894.4991516
Rwanda,2007.0,53.65973171,917.5422835
Rwanda,2008.0,54.20619512,990.3670358
Rwanda,2009.0,54.66580488,1000.258414
Rwanda,2010.0,55.05712195,1040.713293
Rwanda,2011.0,55.39458537,1097.273217
Saudi Arabia,2002.0,71.93512195,19107.35496
Saudi Arabia,2003.0,72.17102439,19768.30306
Saudi Arabia,2004.0,72.41512195,20021.16752
Saudi Arabia,2005.0,72.66478049,20405.80675
Saudi Arabia,2006.0,72.91582927,20406.5017
Saudi Arabia,2007.0,73.16312195,20242.88239
Saudi Arabia,2008.0,73.40207317,20564.72937
Saudi Arabia,2009.0,73.63217073,20091.27908
Saudi Arabia,2010.0,73.85041463,20534.46978
Sudan,2002.0,58.18758537,1491.485569
Sudan,2003.0,58.71192683,1561.969386
Sudan,2004.0,59.16478049,1553.699939
Sudan,2005.0,59.5482439,1612.988311
Sudan,2006.0,59.87643902,1751.462615
Sudan,2007.0,60.17860976,1881.429847
Sudan,2008.0,60.47792683,1959.525567
Sudan,2009.0,60.78546341,1986.196018
Sudan,2010.0,61.1082439,2023.45104
Sudan,2011.0,61.44773171,1877.718277
Senegal,2002.0,56.38265854,1524.589175
Senegal,2003.0,56.70741463,1582.758517
Senegal,2004.0,57.02917073,1631.263558
Senegal,2005.0,57.34934146,1677.001149
Senegal,2006.0,57.66787805,1673.577934
Senegal,2007.0,57.98721951,1708.19171
Senegal,2008.0,58.30936585,1724.507002
Senegal,2009.0,58.63231707,1714.071107
Senegal,2010.0,58.95407317,1738.002772
Senegal,2011.0,59.27219512,1737.105815
Singapore,2002.0,78.69512195,37814.22104
Singapore,2003.0,79.03902439,40134.38438
Singapore,2004.0,79.4902439,43264.6342
Singapore,2005.0,79.9902439,45374.23755
Singapore,2006.0,80.14146341,47830.25834
Singapore,2007.0,80.44146341,49942.41316
Singapore,2008.0,80.7902439,48159.68977
Singapore,2009.0,81.24146341,46270.87019
Singapore,2010.0,81.64146341,52169.95908
Solomon Islands,2002.0,64.03392683,1913.516719
Solomon Islands,2003.0,64.56721951,1981.772741
Solomon Islands,2004.0,65.04953659,2021.634762
Solomon Islands,2005.0,65.48765854,2072.775217
Solomon Islands,2006.0,65.89273171,2156.204244
Solomon Islands,2007.0,66.28378049,2322.06377
Solomon Islands,2008.0,66.67346341,2424.521504
Solomon Islands,2009.0,67.06712195,2331.881297
Solomon Islands,2010.0,67.46519512,2430.095615
Solomon Islands,2011.0,67.86331707,2581.08613
Sierra Leone,2002.0,41.48943902,587.6305832
Sierra Leone,2003.0,42.43078049,611.7282594
Sierra Leone,2004.0,43.36860976,628.1942049
Sierra Leone,2005.0,44.2602439,646.9881237
Sierra Leone,2006.0,45.07302439,671.4337548
Sierra Leone,2007.0,45.79587805,694.9982441
Sierra Leone,2008.0,46.42526829,715.9681057
Sierra Leone,2009.0,46.95768293,722.5079363
Sierra Leone,2010.0,47.40219512,741.6884081
Sierra Leone,2011.0,47.77636585,769.1550162
El Salvador,2002.0,70.09882927,5339.395036
El Salvador,2003.0,70.29997561,5443.758016
El Salvador,2004.0,70.49963415,5525.855912
El Salvador,2005.0,70.69880488,5702.187624
El Salvador,2006.0,70.9004878,5901.869248
El Salvador,2007.0,71.10417073,6101.986739
El Salvador,2008.0,71.31087805,6150.744796
El Salvador,2009.0,71.52060976,5928.255801
El Salvador,2010.0,71.73236585,5977.560457
El Salvador,2011.0,71.94514634,6031.884582
Serbia,2002.0,72.28536585,7143.601324
Serbia,2003.0,72.43658537,7353.719925
Serbia,2004.0,72.58292683,8056.39182
Serbia,2005.0,72.63414634,8516.986258
Serbia,2006.0,73.15512195,8858.360855
Serbia,2007.0,73.38292683,9374.645689
Serbia,2008.0,73.63658537,9772.39676
Serbia,2009.0,73.68536585,9468.25278
Serbia,2010.0,73.93658537,9597.083308
Sao Tome and Principe,2002.0,62.66131707,1338.664611
Sao Tome and Principe,2003.0,62.82960976,1389.562412
Sao Tome and Principe,2004.0,63.01092683,1458.889305
Sao Tome and Principe,2005.0,63.20626829,1416.489881
Sao Tome and Principe,2006.0,63.41612195,1488.146587
Sao Tome and Principe,2007.0,63.63895122,1553.467258
Sao Tome and Principe,2008.0,63.8697561,1668.032974
Sao Tome and Principe,2009.0,64.10753659,1706.70372
Sao Tome and Principe,2010.0,64.34929268,1752.619623
Sao Tome and Principe,2011.0,64.59204878,1805.110198
Suriname,2002.0,68.14958537,5289.851299
Suriname,2003.0,68.3342439,5530.594666
Suriname,2004.0,68.56956098,5933.46796
Suriname,2005.0,68.84704878,6128.516605
Suriname,2006.0,69.15368293,6293.287967
Suriname,2007.0,69.46841463,6547.241614
Suriname,2008.0,69.77570732,6753.256376
Suriname,2009.0,70.06702439,6892.612487
Suriname,2010.0,70.33531707,7110.245259
Slovak Republic,2002.0,73.60487805,13797.88191
Slovak Republic,2003.0,73.60487805,14455.25378
Slovak Republic,2004.0,73.95853659,15178.38465
Slovak Republic,2005.0,73.90487805,16174.8268
Slovak Republic,2006.0,74.20487805,17510.3539
Slovak Republic,2007.0,74.20731707,19326.69704
Slovak Republic,2008.0,74.70487805,20402.88841
Slovak Republic,2009.0,74.9097561,19353.87576
Slovak Republic,2010.0,75.11219512,20120.69302
Slovenia,2002.0,76.00731707,21066.6121
Slovenia,2003.0,76.85853659,21670.80352
Slovenia,2004.0,77.20731707,22610.2203
Slovenia,2005.0,77.61219512,23475.57268
Slovenia,2006.0,78.08658537,24769.63065
Slovenia,2007.0,78.56097561,26323.73439
Slovenia,2008.0,78.76585366,27225.48029
Slovenia,2009.0,78.97073171,24819.94394
Slovenia,2010.0,79.42195122,25052.85592
Sweden,2002.0,79.84634146,30067.23867
Sweden,2003.0,80.09512195,30655.24124
Sweden,2004.0,80.49756098,31828.02254
Sweden,2005.0,80.54634146,32702.98278
Sweden,2006.0,80.74878049,33916.97341
Sweden,2007.0,80.9,34782.1783
Sweden,2008.0,81.1,34300.56246
Sweden,2009.0,81.35121951,32299.67999
Sweden,2010.0,81.45121951,33995.91437
Swaziland,2002.0,46.52797561,4567.658727
Swaziland,2003.0,45.96173171,4663.867082
Swaziland,2004.0,45.74697561,4793.153563
Swaziland,2005.0,45.86019512,4904.799832
Swaziland,2006.0,46.2394878,5060.154207
Swaziland,2007.0,46.7695122,5230.54399
Swaziland,2008.0,47.34192683,5293.431415
Swaziland,2009.0,47.88882927,5296.972641
Swaziland,2010.0,48.34280488,5341.501987
Swaziland,2011.0,48.65892683,5348.77847
Seychelles,2002.0,72.95365854,18146.0925
Seychelles,2003.0,71.02926829,17263.43717
Seychelles,2004.0,72.6097561,16832.33759
Seychelles,2005.0,72.13170732,18002.51502
Seychelles,2006.0,72.21707317,19282.53313
Seychelles,2007.0,73.19268293,21026.04075
Seychelles,2008.0,73.16341463,20356.77358
Seychelles,2009.0,73.03414634,20382.95372
Seychelles,2010.0,73.03414634,21945.15099
Syrian Arab Republic,2002.0,74.39765854,3943.760937
Syrian Arab Republic,2003.0,74.57826829,3847.837586
Syrian Arab Republic,2004.0,74.75485366,3995.75269
Syrian Arab Republic,2005.0,74.92841463,4133.448396
Syrian Arab Republic,2006.0,75.09690244,4253.410854
Syrian Arab Republic,2007.0,75.25878049,4406.03389
Syrian Arab Republic,2008.0,75.41260976,4512.317199
Syrian Arab Republic,2009.0,75.56034146,4687.496849
Syrian Arab Republic,2010.0,75.70256098,4740.849773
Chad,2002.0,48.12958537,846.4161699
Chad,2003.0,48.03597561,936.792144
Chad,2004.0,48.0112439,1209.431606
Chad,2005.0,48.05885366,1373.942588
Chad,2006.0,48.18129268,1335.981934
Chad,2007.0,48.36858537,1301.514839
Chad,2008.0,48.6057561,1262.005474
Chad,2009.0,48.88531707,1214.561269
Chad,2010.0,49.19482927,1336.989045
Chad,2011.0,49.52326829,1342.760813
Togo,2002.0,55.03863415,847.3507087
Togo,2003.0,55.12656098,868.8054372
Togo,2004.0,55.20836585,867.4155545
Togo,2005.0,55.304,858.2173261
Togo,2006.0,55.43743902,873.3166547
Togo,2007.0,55.62619512,873.8970818
Togo,2008.0,55.88031707,875.4808731
Togo,2009.0,56.20280488,884.5830493
Togo,2010.0,56.58870732,898.2186964
Togo,2011.0,57.02658537,914.0470349
Thailand,2002.0,72.77692683,5778.475237
Thailand,2003.0,72.91546341,6122.171805
Thailand,2004.0,73.05295122,6442.553635
Thailand,2005.0,73.18878049,6674.740219
Thailand,2006.0,73.32541463,6954.422325
Thailand,2007.0,73.46590244,7249.186836
Thailand,2008.0,73.61326829,7377.963947
Thailand,2009.0,73.76802439,7160.115348
Thailand,2010.0,73.92765854,7672.886945
Thailand,2011.0,74.09119512,7633.010225
Tajikistan,2002.0,64.46990244,1143.793037
Tajikistan,2003.0,64.8474878,1250.332246
Tajikistan,2004.0,65.22953659,1371.097624
Tajikistan,2005.0,65.60785366,1500.281533
Tajikistan,2006.0,65.97368293,1251.451058
Tajikistan,2007.0,66.32378049,1504.781159
Tajikistan,2008.0,66.65597561,1800.762895
Tajikistan,2009.0,66.96768293,1845.624406
Tajikistan,2010.0,67.25990244,1938.372892
Tajikistan,2011.0,67.53573171,2052.475075
Turkmenistan,2002.0,64.1412439,3169.148117
Turkmenistan,2003.0,64.24795122,3672.891908
Turkmenistan,2004.0,64.34692683,4259.849641
Turkmenistan,2005.0,64.43831707,4761.854441
Turkmenistan,2006.0,64.52121951,5245.042024
Turkmenistan,2007.0,64.59831707,5795.170629
Turkmenistan,2008.0,64.67570732,6566.576666
Turkmenistan,2009.0,64.75995122,6881.405623
Turkmenistan,2010.0,64.8635122,7421.609908
Turkmenistan,2011.0,64.99787805,8055.21013
Timor-Leste,2002.0,57.78021951,984.2775846
Timor-Leste,2003.0,58.46553659,939.5877525
Timor-Leste,2004.0,59.08226829,935.738322
Timor-Leste,2005.0,59.63834146,984.7635059
Timor-Leste,2006.0,60.14631707,924.3330558
Timor-Leste,2007.0,60.62365854,1000.621886
Timor-Leste,2008.0,61.08595122,1113.132158
Timor-Leste,2009.0,61.54217073,1218.871841
Timor-Leste,2010.0,61.99985366,1296.418954
Timor-Leste,2011.0,62.46102439,1393.139045
Tonga,2002.0,71.03912195,4107.545474
Tonga,2003.0,71.17980488,4188.542642
Tonga,2004.0,71.32026829,4205.285389
Tonga,2005.0,71.45965854,4138.926656
Tonga,2006.0,71.59909756,4116.930579
Tonga,2007.0,71.73804878,4050.897114
Tonga,2008.0,71.8764878,4133.232466
Tonga,2009.0,72.01387805,4103.387079
Tonga,2010.0,72.15065854,4062.570243
Tonga,2011.0,72.2862439,4091.926532
Trinidad and Tobago,2002.0,68.29021951,15522.46429
Trinidad and Tobago,2003.0,68.33304878,17701.85395
Trinidad and Tobago,2004.0,68.44331707,19033.88914
Trinidad and Tobago,2005.0,68.6135122,20058.23691
Trinidad and Tobago,2006.0,68.82912195,22619.39385
Trinidad and Tobago,2007.0,69.06614634,23611.17488
Trinidad and Tobago,2008.0,69.30514634,24150.88322
Trinidad and Tobago,2009.0,69.53609756,23261.12451
Trinidad and Tobago,2010.0,69.755,23167.77812
Trinidad and Tobago,2011.0,69.96336585,22760.54577
Tunisia,2002.0,73,6335.757182
Tunisia,2003.0,73.05121951,6643.041655
Tunisia,2004.0,73.30243902,6973.277612
Tunisia,2005.0,73.50243902,7182.365625
Tunisia,2006.0,73.9,7514.373814
Tunisia,2007.0,74.20243902,7908.832485
Tunisia,2008.0,74.30243902,8183.299549
Tunisia,2009.0,74.45121951,8347.291687
Tunisia,2010.0,74.6,8508.465925
Turkey,2002.0,70.63914634,9565.587659
Turkey,2003.0,71.16831707,9933.657685
Turkey,2004.0,71.64804878,10718.87495
Turkey,2005.0,72.07785366,11464.73258
Turkey,2006.0,72.46273171,12091.73982
Turkey,2007.0,72.81065854,12488.22926
Turkey,2008.0,73.12963415,12405.50061
Turkey,2009.0,73.42463415,11655.2308
Turkey,2010.0,73.69665854,12564.03914
Turkey,2011.0,73.94417073,13466.33282
Tanzania,2002.0,51.32826829,936.7817566
Tanzania,2003.0,51.93539024,975.3986449
Tanzania,2004.0,52.61160976,1024.08802
Tanzania,2005.0,53.34692683,1070.132597
Tanzania,2006.0,54.12936585,1111.113387
Tanzania,2007.0,54.9425122,1157.504066
Tanzania,2008.0,55.76943902,1208.449628
Tanzania,2009.0,56.58973171,1244.378086
Tanzania,2010.0,57.3874878,1293.081031
Tanzania,2011.0,58.15121951,1334.044998
Uganda,2002.0,47.54312195,830.4616373
Uganda,2003.0,48.3852439,856.1005134
Uganda,2004.0,49.2575122,885.1400325
Uganda,2005.0,50.12392683,911.0814533
Uganda,2006.0,50.95307317,977.0679311
Uganda,2007.0,51.72968293,1025.409665
Uganda,2008.0,52.43997561,1079.160006
Uganda,2009.0,53.07058537,1120.595167
Uganda,2010.0,53.61463415,1149.190567
Uganda,2011.0,54.0742439,1187.650934
Ukraine,2002.0,68.27560976,4332.156404
Ukraine,2003.0,68.21073171,4777.992602
Ukraine,2004.0,68.18536585,5396.917319
Ukraine,2005.0,67.95682927,5583.399175
Ukraine,2006.0,68.07756098,6031.629136
Ukraine,2007.0,68.22219512,6547.084842
Ukraine,2008.0,68.25146341,6734.031492
Ukraine,2009.0,69.19,5762.921606
Ukraine,2010.0,70.27560976,6023.08274
Uruguay,2002.0,74.83634146,8505.409073
Uruguay,2003.0,74.87682927,8586.845145
Uruguay,2004.0,75.21634146,9021.480849
Uruguay,2005.0,75.60926829,9682.791069
Uruguay,2006.0,75.7297561,10053.05935
Uruguay,2007.0,75.85512195,10680.26264
Uruguay,2008.0,75.98073171,11411.8598
Uruguay,2009.0,76.11121951,11649.73327
Uruguay,2010.0,76.23682927,12641.94091
United States,2002.0,76.83658537,39934.95799
United States,2003.0,76.98780488,40603.85346
United States,2004.0,77.33902439,41629.71122
United States,2005.0,77.33902439,42516.39347
United States,2006.0,77.58780488,43228.11115
United States,2007.0,77.83902439,43635.58521
United States,2008.0,77.93902439,43069.58199
United States,2009.0,78.0902439,41187.65533
United States,2010.0,78.24146341,42078.59411
Uzbekistan,2002.0,67.08597561,1725.401457
Uzbekistan,2003.0,67.131,1777.061236
Uzbekistan,2004.0,67.17204878,1891.939962
Uzbekistan,2005.0,67.22258537,2000.965505
Uzbekistan,2006.0,67.29817073,2121.000698
Uzbekistan,2007.0,67.41129268,2289.665487
Uzbekistan,2008.0,67.56697561,2455.999524
Uzbekistan,2009.0,67.76470732,2610.503939
Uzbekistan,2010.0,68.001,2753.560421
St. Vincent and the Grenadines,2002.0,70.60143902,7934.535175
St. Vincent and the Grenadines,2003.0,70.74792683,8162.986083
St. Vincent and the Grenadines,2004.0,70.91670732,8682.782854
St. Vincent and the Grenadines,2005.0,71.10578049,8852.103268
St. Vincent and the Grenadines,2006.0,71.30778049,9681.169928
St. Vincent and the Grenadines,2007.0,71.51546341,9970.323904
St. Vincent and the Grenadines,2008.0,71.72109756,9900.245959
St. Vincent and the Grenadines,2009.0,71.92126829,9664.703102
St. Vincent and the Grenadines,2010.0,72.11253659,9481.779001
St. Vincent and the Grenadines,2011.0,72.29541463,9482.434176
"Venezuela, RB",2002.0,73.62926829,8688.500209
"Venezuela, RB",2003.0,72.78292683,7872.955266
"Venezuela, RB",2004.0,72.97780488,9151.185286
"Venezuela, RB",2005.0,73.17268293,9924.462109
"Venezuela, RB",2006.0,73.36756098,10721.07764
"Venezuela, RB",2007.0,73.56243902,11467.79639
"Venezuela, RB",2008.0,73.75756098,11877.70295
"Venezuela, RB",2009.0,73.94243902,11315.46911
"Venezuela, RB",2010.0,74.12731707,10973.03882
Vietnam,2002.0,72.77709756,1784.3666
Vietnam,2003.0,73.12590244,1893.230705
Vietnam,2004.0,73.43178049,2016.416695
Vietnam,2005.0,73.69973171,2161.272404
Vietnam,2006.0,73.9407561,2313.304489
Vietnam,2007.0,74.16534146,2481.873381
Vietnam,2008.0,74.38546341,2610.56269
Vietnam,2009.0,74.60558537,2720.686312
Vietnam,2010.0,74.8282439,2875.07255
Vanuatu,2002.0,68.30146341,3330.147133
Vanuatu,2003.0,68.6542439,3361.028133
Vanuatu,2004.0,68.99356098,3416.247672
Vanuatu,2005.0,69.32090244,3500.014905
Vanuatu,2006.0,69.63778049,3660.720687
Vanuatu,2007.0,69.94465854,3800.430552
Vanuatu,2008.0,70.24358537,3934.816955
Vanuatu,2009.0,70.53502439,3970.520892
Vanuatu,2010.0,70.8194878,3991.48361
Vanuatu,2011.0,71.0975122,4061.962833
West Bank and Gaza,2002.0,71.26063415,2283.685803
West Bank and Gaza,2003.0,71.42387805,2340.473553
West Bank and Gaza,2004.0,71.58558537,2401.516389
West Bank and Gaza,2005.0,71.74926829,2465.097407
Samoa,2002.0,70.13582927,3383.590691
Samoa,2003.0,70.43960976,3531.858884
Samoa,2004.0,70.73239024,3689.615038
Samoa,2005.0,71.01570732,3831.106528
Samoa,2006.0,71.29053659,3895.817482
Samoa,2007.0,71.55636585,4136.792062
Samoa,2008.0,71.81370732,3972.230071
Samoa,2009.0,72.06356098,3891.098542
Samoa,2010.0,72.30639024,3942.977632
Samoa,2011.0,72.5432439,4008.418035
"Yemen, Rep.",2002.0,60.90685366,2152.586255
"Yemen, Rep.",2003.0,61.51195122,2165.645205
"Yemen, Rep.",2004.0,62.09543902,2183.497033
"Yemen, Rep.",2005.0,62.64931707,2236.082482
"Yemen, Rep.",2006.0,63.17060976,2237.681128
"Yemen, Rep.",2007.0,63.66534146,2242.959198
"Yemen, Rep.",2008.0,64.13956098,2254.944668
"Yemen, Rep.",2009.0,64.5937561,2271.688335
"Yemen, Rep.",2010.0,65.03046341,2372.981531
"Yemen, Rep.",2011.0,65.45165854,2060.28329
South Africa,2002.0,52.79241463,7863.89859
South Africa,2003.0,52.01343902,7993.428939
South Africa,2004.0,51.4252439,8259.298685
South Africa,2005.0,51.05968293,8596.830871
South Africa,2006.0,50.92965854,8977.294238
South Africa,2007.0,51.00365854,9371.986458
South Africa,2008.0,51.24021951,9604.491043
South Africa,2009.0,51.61131707,9355.766544
South Africa,2010.0,52.0814878,9496.878744
"Congo, Dem. Rep.",2002.0,46.25380488,249.1772858
"Congo, Dem. Rep.",2003.0,46.5412439,255.7780598
"Congo, Dem. Rep.",2004.0,46.78702439,264.6569006
"Congo, Dem. Rep.",2005.0,46.99168293,276.993508
"Congo, Dem. Rep.",2006.0,47.1687561,284.1981292
"Congo, Dem. Rep.",2007.0,47.34929268,293.6157917
"Congo, Dem. Rep.",2008.0,47.55734146,303.1930533
"Congo, Dem. Rep.",2009.0,47.79692683,303.3884434
"Congo, Dem. Rep.",2010.0,48.06958537,316.4715241
"Congo, Dem. Rep.",2011.0,48.36931707,329.2991907
Zambia,2002.0,42.34253659,1063.529263
Zambia,2003.0,42.85856098,1092.754426
Zambia,2004.0,43.55495122,1125.400818
Zambia,2005.0,44.38436585,1157.593472
Zambia,2006.0,45.2885122,1199.543681
Zambia,2007.0,46.19763415,1241.579996
Zambia,2008.0,47.05243902,1277.75668
Zambia,2009.0,47.81453659,1322.799999
Zambia,2010.0,48.4554878,1401.149955
Zambia,2011.0,48.96882927,1423.449411
